number,code,name
23,ALB,Alexander Albon
14,ALO,Fernando Alonso
12,ANT,Kimi Antonelli
87,BEA,Oliver Bearman
5,BOR,Gabriel Bortoleto
77,BOT,Valtteri Bottas
43,COL,Franco Colapinto
10,GAS,Pierre Gasly
6,HAD,Isack Hadjar
44,HAM,Lewis Hamilton
27,HUL,Nico Hülkenberg
30,LAW,Liam Lawson
16,LEC,Charles Leclerc
41,LIN,Arvid Lindblad
1,NOR,Lando Norris
31,OCO,Esteban Ocon
11,PER,Sergio Pérez
81,PIA,Oscar Piastri
63,RUS,George Russell
55,SAI,Carlos Sainz
18,STR,Lance Stroll
3,VER,Max Verstappen
